RAWMTRL_NM,HF_FNCLTY_MTRAL_RCOGN_NO,IFTKN_ATNT_MATR_CN,DAY_INTK_HIGHLIMIT,WT_UNIT,DAY_INTK_LOWLIMIT,PRIMARY_FNCLTY
차조기등복합추출물(기능성원료인정New제2007-13호),New제2007-13호,,"2,400 (mg)",mg,"2,400 (mg)",관절건강에 도움
바이오게르마늄 효모(기능성원료인정New제2007-15호),New제2007-15호,"①임산부, 수유여성 및 12세 이하 어린이는 섭취에 주의","1,200 (mg)",mg,"1,200 (mg)",면역기능 증진에 도움
알부민(기능성원료인정New제2007-23호),New제2007-23호,①소맥알레르기 체질인 사람은 섭취에 주의하여야 합니다.,"1,500 (mg)",mg,"1,200 (mg)",식후혈당상승억제에 도움
정어리펩타이드(기능성원료인정제2004-1호),제2004-1호,①1 일 바릴티로신 섭취량은 6 mg을 초과하지 않도록 합니다.②의약품(고혈압치료제 등) 복용하시는 분은 전문가와 상담하시기 바랍니다. ③이상사례 발생 시 섭취를 중단하고 전문가와 상담하시기 바랍니다.,0 (mg),mg,0 (mg),(국문) 혈압을 조절하는데 도움을 줄 수 있음 (영문) May help to maintain healthy blood pressure
자일리톨(기능성원료인정제2004-2호),제2004-2호,"①당류와 전분류의 함량이 높은 간식을 자주 섭취하면 충치발생위험이 높아집니다.
②자일리톨을 일시에 40g 이상의 과량을 섭취할 경우에는 복부팽만감 등의 불쾌감을 느낄 수 있습니다.","25,000 (mg)",mg,"10,000 (mg)","충치발생위험감소
충치발생위험감소에 도움을 줌
플라그 감소, 산생성 억제, 충치균 성장을 저해시켜 충치발생위험을 감소시킬 수 있음"
참당귀뿌리추출물(기능성원료인정제2004-6호),제2004-6호,"①소화불량, 속쓰림 등이 나타날 수 있습니다.②혈액응고방지제 또는 혈당강하제를 복용하시는 분은 의사의 상담 하에 사용하여 주십시오.",800 (mg),mg,800 (mg),노인의 인지능력저하 개선에 도움을 줄 수 있음(기타기능II)
히비스커스등복합추출물(기능성원료인정제2004-7호),제2004-7호,"① 어린이, 임산부 및 수유부는 섭취를 피할 것
② 이상사례 발생시 섭취를 중단하고 전문가와 상담할 것","2,079 (mg)",mg,"2,079 (mg)",(국문) 체지방 감소에 도움을 줄 수 있음 (영문) May help to reduce body fat
초록입홍합추출오일(기능성원료인정제2004-8호),제2004-8호,"① 임산부 및 수유부는 섭취를 피할 것
② 간 질환이 있거나 의약품(혈전용해제 등) 복용 시 전문가와 상담할 것
③ 알레르기 체질 등은 개인에 따라 과민반응을 나타낼 수 있음 
④ 이상 사례 발생 시 섭취를 중단하고 전문가와 상담할 것",620 (mg),mg,620 (mg),(국문) 관절건강에 도움이 될 수 있음 (영문) May help to maintain healthy joint
이소말토올리고당(기능성원료인정제2005-10호),제2005-10호,① 과량으로 섭취 시에는 설사를 유발할 수 있습니다.,12 (g),g,8 (g),"장내 유익균의 증식과 유해균의 억제에 도움을 줄 수 있습니다, 배변활동을 원활히 하는데 도움을 줄 수 있습니다."
이소말토올리고당(기능성원료인정제2005-11호),제2005-11호,① 과량으로 섭취 시에는 설사를 유발할 수 있습니다.,12 (g),g,8 (g),"장내 유익균의 증식과 유해균의 억제에 도움을 줄 수 있습니다, 배변활동을 원활히 하는데 도움을 줄 수 있습니다."
피니톨(기능성원료인정제2005-15호),제2005-15호,"- 피니톨은 당뇨병의 치료 및 예방에 사용될 수 없으므로 당뇨병치료가 필요한 경우에는 의사와 상담이 필요함
-영·유아, 어린이, 임산부 및 수유부는 섭취에 주의
-특정질환(알레르기 체질 등)이 있는 분은 섭취에 주의
-이상사례 발생 시 섭취를 중단하고 전문가와 상담할 것",300 (mg/일),mg/일,300 (mg/일),"(국문)· 간 건강에 도움을 줄 수 있음
(영문)· May help to liver health"
대두올리고당(기능성원료인정제2005-20호),제2005-20호,① 과량으로 섭취 시에는 설사를 유발할 수 있습니다.,3 (g),g,2 (g),"장내 유익균의 증식과 유해균의 억제에 도움을 줄 수 있습니다, 배변활동을 원활히 하는데 도움을 줄 수 있습니다."
황금추출물등복합물(기능성원료인정제2005-4호),제2005-4호,①본 원료를 주성분으로 제조한 제품은 관절관련 질환의 치료 목적으로 사용될 수 없습니다,"1,100 (mg)",mg,550 (mg),관절건강에 도움이 될 수 있으나 인체에서 확인이 필요합니다.(기타기능III)
포도종자추출물(기능성원료인정제2005-9호),제2005-9호,,300 (mg),mg,200 (mg),항산화능 증진에 도움을 줄 수 있음(기타기능II)
식물스타놀에스테르(기능성원료인정제2006-11호),제2006-11호,①식물 스타놀 에스테르는 지용성 비타민의 흡수를 저해할 수 있습니다.,"3,400 (mg)",mg,"3,400 (mg)",높은 혈중 콜레스테롤 수치개선에 도움
가쯔오부시올리고펩타이드(기능성원료인정제2006-13호),제2006-13호,"① 임산부, 수유부는 섭취를 삼가시기 바랍니다.② 어린이, 노인, 신부전이 있는 사람, 혈압약을 복용하시는 분이 섭취 시에는 의사와 상담하셔야 합니다.",2 (g),g,2 (g),혈압이 걱정되시는 분에게 도움을 줄 수 있습니다.(기타기능II)
헛개나무과병추출분말(기능성원료인정제2006-14호),제2006-14호,,(mg),mg,(mg),알콜성 손상으로부터 간을 보호하는데 도움을 줄 수 있으나 인체시험에서의 확인이 필요합니다.(기타기능III)
가쯔오부시올리고펩타이드(기능성원료인정제2006-16호),제2006-16호,"① 임산부, 수유부는 섭취를 삼가시기 바랍니다.② 어린이, 노인, 신부전이 있는 사람, 혈압약을 복용하시는 분이 섭취 시에는 의사와 상담하셔야 합니다.",2 (g),g,2 (g),혈압이 걱정되시는 분에게 도움을 줄 수 있습니다.(기타기능II)
헤모힘 당귀등 혼합추출물(기능성원료인정제2006-17호),제2006-17호,"1) 어린이, 임산부 및 수유부는 섭취를 피할 것
2) 월경불순이나 출혈성 질환이 있는 여성의 경우 전문가와 상담할 것
3) 항응고제 복용시 전문가와 상담할 것
4) 알레르기 체질 등은 개인에 따라 과민반응을 나타낼 수 있음
5) 이상사례 발생시 섭취를 중단하고 전문가와 상담할 것",40 (g/일),g/일,20 (g/일),"(국문) 면역기능 개선에 도움을 줄 수 있음
(영문) May help to improve immune function"
카제인가수분해물(기능성원료인정제2006-19호),제2006-19호,"①임산부, 수유부는 섭취를 삼가시기 바랍니다.②어린이, 노인, 신부전이 있는 사람, 혈압약을 복용하시는 분이 섭취 시에는 의사와 상담하셔야 합니다.","4,000 (mg)",mg,"4,000 (mg)",혈압조절에 도움을 줄 수 있습니다.
피크노제놀-프랑스해안송껍질추출물(기능성원료인정제2006-1호),제2006-1호,①임산부와 12세 이하의 어린이는 섭취 전 의사와의 상담이 필요합니다.②수술 전후에는 섭취에 주의하시기 바랍니다.,300 (mg),mg,50 (mg),1. 활성산소제거에 도움을 줄 수 있음(기타기능II)2. 혈소판 응집억제에 도움을 줄 수 있음(기타기능II)
복분자추출물(기능성원료인정제2006-24호),제2006-24호,,(mg),mg,(mg),항산화능 증진에 도움을 줄 수 있으나 인체시험에서의 확인이 필요합니다.(기타기능III)
올리브잎추출물(기능성원료인정제2006-25호),제2006-25호,①혈압약을 복용하시는 분이 섭취 시에는 의사와 상담하셔야 합니다.,"1,000 (mg)",mg,500 (mg),건강한 혈압의 유지에 도움
이소말토올리고당(기능성원료인정제2006-2호),제2006-2호,①과량으로 섭취 시에는 설사를 유발할 수 있습니다.,"12,000 (mg)",mg,"8,000 (mg)",장내유익균의 증식과 유해균의 억제에 도움을 줄 수 있음(기타기능II)배변활동을 원활히 하는데 도움을 줄 수 있음(기타기능II)
황금등복합물(기능성원료인정제2006-3호),제2006-3호,이상 사례 발생 시 섭취를 중단하고 전문가와 상담할 것,"1,100 (mg)",mg,"1,100 (mg)",(국문) 혈압을 조절하는데 도움을 줄 수 있음 (영문) May help to maintain healthy blood pressure
폴리코사놀-사탕수수 왁스 알코올(기능성원료인정제2006-4호),제2006-4호,"(1) 임산부, 수유부, 청소년 및 어린이는 섭취를 피할 것
(2) 의약품 복용(심혈관 등), 혈액응고장애가 있거나 수술예정인 사람은 전문가와 상담할 것
(3) 이상사례 발생 시 섭취를 중단하고 전문가와 상담할 것",20 (mg/일),mg/일,5 (mg/일),(국문) 혈중 콜레스테롤 수치 개선에 도움을 줄 수 있음 (영문) May help to improve blood cholesterol level
콩발효추출물(기능성원료인정제2007-10호),제2007-10호,,900 (mg),mg,900 (mg),식후 혈당을 건강하게 유지하는데 도움
아마인(기능성원료인정제2007-4호),제2007-4호,①혈액응고와 관련된 질병이 있거나 혈액응고저해제를 섭취하는 경우는 반드시 의사나 약사와 상담 후에 섭취하여야 합니다.②아마인의 섭취는 다른 약물의 흡수를 방해할 수 있으므로 약제를 섭취하는 경우에는 의사나 약사와 상담 후 섭취하여야 합니다.,"50,000 (mg)",mg,0 (mg),콜레스테롤 조절
솔잎증류농축액(기능성원료인정제2007-8호),제2007-8호,"①기관지 천식, 해소 기침이나 기도에 심한 염증이 있는 사람은 사용을 금하시기 바랍니다.","1,350 (mg)",mg,"1,350 (mg)",건강한 혈당유지에 도움
소나무껍질추출물등 복합물(기능성원료인정제2008-14호),제2008-14호,"①임산부, 수유부 및 어린이는 섭취를 피해야 함②‘달맞이꽃종자유’에 과민증이 있는 사람을 섭취를    삼가야 함③과량 섭취 시 위장장애 등의 부작용이 있을 수 있음④기타 질병을 보유하고 있는 사람 및 수술 전후 환자는 섭취를 삼가야 하며 섭취 시 의사와  상담해야 함","1,130 (mg)",mg,"1,130 (mg)",햇볕 또는 자외선에 의한 피부손상으로부터 피부건강유지에 도움
콩발효추출물(기능성원료인정제2008-18호),제2008-18호,,900 (mg),mg,900 (mg),식후 혈당을 건강하게 유지하는데 도움
표고버섯균사체(추출물)(기능성원료인정제2008-23호),제2008-23호,,2 (g),g,0 (g),간 건강에 도움을 줌(기타기능 II)
Enterococcus faecalis 가열처리건조분말(기능성원료인정제2008-31호),제2008-31호,,"1,000 (mg)",mg,"1,000 (mg)",꽃가루에 의해 나타나는 코막힘의 개선에 도움
포도종자추출물(기능성원료인정제2008-42호),제2008-42호,"① 위장장애가 발생할 수 있다.② 영유아, 임산부는 섭취를 삼가 해야 한다.③ 식사조절, 운동을 병행하는 것이 체지방 감소에 효과적이다.",200 (mg),mg,0 (mg),인체의 항산화능 증진에 도움을 줄 수 있습니다.(기타기능 II)
그린마떼추출물(기능성원료인정제2008-52호),제2008-52호,,3 (g),g,3 (g),체지방 감소에 도움을 줄 수 있습니다 (기타기능II)
헛개나무과병추출분말(기능성원료인정제2008-55호),제2008-55호,(1) 임산부 및 수유부는 섭취를 피할 것 (2) 간 질환이 있거나 의약품 복용 시 전문가와 상담할 것 (3) 이상사례 발생 시 섭취를 중단하고 전문가와 상담할 것,"2,460 (mg)",mg,"2,460 (mg)","(국문) 
· 알콜성 손상으로부터 간을 보호하는데 도움을 줄 수 있음
· 운동능력 향상에 도움을 줄 수 있음
· 스트레스로 인한 피로개선에 도움을 줄 수 있음
(영문) 
· May help to liver health on alcoholic liver damage
· May help to improvement of exercise ability
· May help to improvement of fatigue due to stress"
지아잔틴추출물(기능성원료인정제2008-65호),제2008-65호,①임산부는 섭취 전 의사와 상담이 필요합니다.②과다 섭취 시 일시적으로 피부가 황색으로 변할 수 있습니다.,20 (mg),mg,10 (mg),노화로 인해 감소될 수 있는 황반색소 밀도를 유지시켜 눈건강에 도움을 줍니다.
루테인/지아잔틴복합추출물(기능성원료인정제2008-66호),제2008-66호,①임산부는 섭취 전 의사와 상담이 필요합니다.②과다 섭취 시 일시적으로 피부가 황색으로 변할 수 있습니다.,20 (mg),mg,10 (mg),노화로 인해 감소될 수 있는 황반색소 밀도를 유지시켜 눈건강에 도움을 줍니다.(기타1등급)
홍삼·사상자·산수유복합추출물(기능성원료인정제2008-67호),제2008-67호,"① 홍삼, 사상자, 산수유에 특이한 이상반응을 나타내는 사람은 섭취에 주의② 임산부 및 수유기 여성은 섭취에 주의","3,000 (mg)",mg,"3,000 (mg)",햇볕 또는 자외선에 의한 피부손상으로부터 피부건강을 유지하는데 도움을 줄 수 있음
대두배아추출물등복합물(기능성원료인정제2008-6호),제2008-6호,"①알르레기성 비염, 천식, 우유 알레르기 반응을 나타내는 사람은 섭취에 주의②임산부, 수유기 여성 및 어린이는 섭취에 주의",700 (mg),mg,700 (mg),체지방 감소에 도움
표고버섯균사체(기능성원료인정제2008-78호),제2008-78호,,"3,600 (mg)",mg,"1,800 (mg)",면역기능 증진에 도움을 줄 수 있습니다(기타기능II)
쏘팔메토열매추출물등복합물(기능성원료인정제2008-79호),제2008-79호,"-메스꺼움이나 설사 등 소화계통의 불편함을 유발 할 수 있음
-어린이, 임산부, 수유기 여성은 섭취에 주의할 것",705 (mg/일),mg/일,705 (mg/일),"(국문) 전립선 건강의 유지에 도움을 줄 수 있습니다”
(영문) May help to maintain healthy prostate"
L-글루타민(기능성원료인정제2008-7호),제2008-7호,"①Methotrexate, anticonvulsants, lactulose의 효     과를 경감시킬 우려가 있음②MSG에 민감한 사람은 섭취를 주의해야 함③신장 및 간질환이 있는 환자는 섭취를 주의해야 함④임산부, 수유부는 의사의 처방 없이는 섭취를삼가야 함","5,000 (mg)",mg,"3,000 (mg)",과도한 운동 후 신체저항능력 향상에 도움
PME-88메론추출물(기능성원료인정제2008-9호),제2008-9호,밀 단백질에 알레르기를 나타내는 사람은 섭취에 주의,"1,000 (IU)",IU,500 (IU),"산화스트레스로부터 인체를 보호하는데 도움을 줄 수 있습니다.(생리활성기능 2등급)
혈관벽 두께(내중막 두께 : IMT) 증가 억제를 통한 혈행개선에 도움을 줄 수 있음(생리활성기능 2등급)
자외선에 의한 피부홍반개선으로 피부건강에 도움을 줄 수 있음(생리활성기능 2등급)"
원지추출분말(기능성원료인정제2009-12호),제2009-12호,"① 과다 섭취 시 구토, 설사, 메스꺼움 등의 위장관장애가 나타날 수 있으며 위장장애가 있는 분은 섭취에 주의② 임산부, 수유 여성, 어린이는 섭취에 주의",300 (mg),mg,300 (mg),성인의 기억력 개선에 도움을 줄 수 있습니다.(기타기능 II)
커피만노올리고당분말(기능성원료인정제2009-15호),제2009-15호,"① 어린이, 임산부, 수유기 여성은 섭취에 주의하십시오.② 과량 섭취 시 복부팽만감을 느낄 수 있습니다.","1,000 (mg)",mg,"1,000 (mg)","장내 유익균 증식, 유해균 억제, 배변활동에 도움을 줄 수 있음 (기타기능 II)"
구아바잎추출물 등 복합물(기능성원료인정제2009-16호),제2009-16호,,800 (mg),mg,800 (mg),"과민반응에 의한 코 상태(코 가려움, 재채기, 콧물) 개선에 도움을 줄 수 있음(기타기능 II)"
보이차추출물(기능성원료인정제2009-17호),제2009-17호,"① 카페인이 함유되어 있어 초조감, 불면 등을 나타낼 수 있음② 임산부, 수유 여성, 어린이, 알레르기성 질환보유자, 질병치료 중인 환자는 섭취에 주의","1,000 (mg)",mg,"1,000 (mg)",혈중 콜레스테롤 개선에 도움을 줄 수 있습니다.”(기타기능 II)
다래추출물(기능성원료인정제2009-18호),제2009-18호,① 임산부 및 수유기 여성은 섭취 전 의사와 상담하여야 함,"2,000 (mg)",mg,"2,000 (mg)",면역 과민반응 개선에 도움을 줄 수 있습니다.(기타기능 II)
홍국쌀(기능성원료인정제2009-19호),제2009-19호,,8 (mg),mg,4 (mg),콜레스테롤 개선
L-글루타민산 유래 GABA 함유 분말(기능성원료인정제2009-1호),제2009-1호,"① 임산부와 수유기 여성, 어린이는 섭취에 주의하시기 바람",20 (mg),mg,20 (mg),혈압이 높은 사람에게 도움을 줄 수 있습니다. (기타기능Ⅱ)”
중쇄지방산함유유지(기능성원료인정제2009-20호),제2009-20호,,(mg/g),mg/g,(mg/g),이 제품은 중쇄지방산을 함유하고 있어 다른 식용유와 비교하였을 때 체지방 증가가 적을 수 있음(기타기능II)
식물성유지 디글리세라이드(기능성원료인정제2009-21호),제2009-21호,,"99,999 (mg)",mg,0 (mg),이 제품은 디글리세라이드(Diacylglyceride)를 함유하고 있어 다른 식용유와 비교했을 때 식후 혈중 중성지방과 체지방 증가가 적을 수 있음(기타기능 II)
카제인가수분해물(기능성원료인정제2009-22호),제2009-22호,,4 (mg),mg,2 (mg),혈압이 높은 사람에게 도움을 줄 수 있습니다(기타기능 II)
호프추출물(기능성원료인정제2009-25호),제2009-25호,"① 어린이, 임산부 및 수유여성은 섭취에 주의② 호프추출물에 알레르기 반응을 나타내는 분은 섭취에 주의③ 항우울제 또는 호르몬제를 복용하시는 분은 섭취에 주의",2 (g),g,1 (g),관절 건강에 도움을 줄 수 있습니다(기타기능II)
프로바이오틱스(드시모네)(기능성원료인정제2009-28호),제2009-28호,,"3,000,000,000,000 (-)",,"100,000,000 (-)","- 유익한 유산균 증식, 유해균 억제, 배변활동 원활 - 장 면역을 조절하여 장 건강에 도움을 줄 수 있음(생리활성기능 2등급)"
지방산복합물 FAC(Fatty Acid Complex)(기능성원료인정제2009-2호),제2009-2호,① 임산부 및 수유기 여성은 섭취에 주의,"1,248 (mg)",mg,"1,248 (mg)",관절건강에 도움을 줄 수 있음” (기타기능II)
정제오징어유(기능성원료인정제2009-38호),제2009-38호,,2 (g),g,1 (g),혈행개선(기타기능II)
Nopal추출물(기능성원료인정제2009-39호),제2009-39호,"① 어린이, 임산부 및 수유여성은 섭취에 주의",4 (g),g,4 (g),식후 혈당조절에 도움을 줄 수 있음 (기타기능II)
표고버섯균사체(추출물)(기능성원료인정제2009-3호),제2009-3호,,"1,800 (mg)",mg,"1,800 (mg)",간건강에 도움을 줄 수 있습니다.
락추로스파우더(기능성원료인정제2009-40호),제2009-40호,① 과량 섭취 시 위장관계 계통의 이상반응 및 전해질 이상 등이 나타날 수 있음,"3,000 (mg)",mg,650 (mg),"유익균 증식, 유해균 억제에 도움을 줄 수 있음(기타기능II)"
피브로인추출물 BF-7(기능성원료인정제2009-46호),제2009-46호,① 임산부 및 수유여성은 섭취에 주의,400 (mg),mg,200 (mg),기억력 개선에 도움을 줄 수 있습니다.”(기타Ⅱ등급)
콜레우스포스콜리추출물(기능성원료인정제2009-47호),제2009-47호,"① 항응고제 또는 혈압조절제를 복용하시거나 혈압이 낮으신 분은 섭취에 주의② 임산부, 수유여성, 어린이는 섭취에 주의",500 (mg),mg,500 (mg),체지방 감소에 도움을 줄 수 있습니다(기타기능II)
초록입홍합추출오일(기능성원료인정제2009-49호),제2009-49호,① 혈전용해제를 복용하시는 분은 의사와 상담하여 주시기 바랍니다.,200 (mg),mg,200 (mg),관절건강에 도움이 될 수 있음(기타기능II)”
나토배양물(분말)(기능성원료인정제2009-50호),제2009-50호,"① 알레르기 체질이신 분은 원재료를 확인하신 후 섭취하십시오.② 임산부와 수유기 여성은 섭취를 피하는 것이 좋습니다.③ 과다 섭취 시 혈액응고가 저해되어 출혈 위험이 증가될 수 있습니다.④ 항혈전 관련 약품(항응고제, 항혈소판제제)을 섭취하는 사람은 의사와 상담 후 섭취하여야 합니다.⑤ 수술 전과 후에는 섭취를 피해야 합니다.",133 (mg),mg,133 (mg),"혈액의 흐름을 방해할 수 있는 혈소판응집을 억제하여, 혈액흐름을 원활히 하는데 도움을 줄 수 있음.(기타 II)"
다래추출물(기능성원료인정제2009-58호),제2009-58호,- 임산부 및 수유기 여성은 섭취 전 의사와 상담하여야 함,"2,500 (mg)",mg,"2,000 (mg)",면역 과민반응 개선에 도움을 줄 수 있습니다.”(기타기능 II)
쌀겨추출물(기능성원료인정제2009-66호),제2009-66호,① 임산부와 수유기 여성은 섭취를 피하는 것이 좋습니다.,34 (mg),mg,10 (mg),피부보습에 도움을 줄 수 있음(기타기능II)
동결건조누에분말(기능성원료인정제2009-67호),제2009-67호,- 당뇨병의 치료 및 예방에 사용될 수 없으므로 당뇨병 치료가 필요한 경우에는 의사와 상담 하에 사용하여야 합니다.,3 (g),g,3 (g),혈당조절에 도움을 줄 수 있음(기타Ⅱ)”
아마인(기능성원료인정제2009-72호),제2009-72호,1. 혈액응고와 관련된 질병이 있거나 혈액응고저해제를 섭취하는 경우는 반드시 의사나 약사와 상담 후에 섭취하여야 합니다.2. 아마인의 섭취는 다른 약물의 흡수를 방해할 수 있으므로 약제를 섭취하는 경우에는 의사나 약사와 상담 후 섭취하여야 합니다.,50 (g),g,50 (g),콜레스테롤 감소에 도움을 줄 수 있음(기타기능 Ⅱ)
보리 베타글루칸 추출물(기능성원료인정제2009-73호),제2009-73호,,8 (g),g,3 (g),혈중 콜레스테롤 개선에 도움을 줄 수 있음(기타기능II)
정제오징어유(기능성원료인정제2009-76호),제2009-76호,,2 (g),g,1 (g),혈행 개선에 도움을 줄 수 있음(기타기능II)혈중 중성지질 개선에 도움을 줄 수 있음 (기타기능II)”
자일로올리고당분말(기능성원료인정제2009-80호),제2009-80호,과량으로 섭취 시 설사를 유발할 수도 있습니다.,8 (g),g,1 (g),"장내 유익균 증식, 유해균 억제, 배변활동에 도움을 줄 수 있음”(기타기능II)"
자일로올리고당(기능성원료인정제2009-81호),제2009-81호,과량으로 섭취 시 설사를 유발할 수도 있습니다.,8 (g),g,1 (g),"장내 유익균 증식, 유해균 억제, 배변활동에 도움을 줄 수 있음”(기타기능II)"
파크랜 크랜베리 분말(기능성원료인정제2009-84호),제2009-84호,"- 와파린, 쿠마딘 등 항응고제, 오메프라졸 등의 위산분비 억제제와 함께 섭취하지 마십시오 - 제안된 섭취량 이상 과잉 복용할 경우 설사가 있을 수 있으므로, 정해진 섭취량을 준수하여 주십시오","1,000 (mg)",mg,500 (mg),요로의 유해균 흡착 억제로 요로건강에 도움을 줄 수 있음”(기타기능II)
해태올리고펩티드(기능성원료인정제2009-87호),제2009-87호,해조식 섭취에 주의해야 하는 분은 섭취를 삼가시기 바랍니다.,2 (mg),mg,2 (mg),혈압조절에 도움을 줄 수 있음(기타기능II)”
Nopal추출물(기능성원료인정제2010-10호),제2010-10호,"어린이, 임산부 및 수유여성은 섭취에 주의","4,400 (mg)",mg,"4,200 (mg)",식후 혈당조절에 도움을 줄 수 있습니다” (기타기능II)
비즈왁스알코올(기능성원료인정제2010-1호),제2010-1호,"- 어린이, 임산부 및 수유부는 섭취 시 주의하시기 바랍니다.",100 (mg),mg,50 (mg),항산화에 도움을 줄 수 있음”(기타기능II)
백수오 등 복합추출물(기능성원료인정제2010-20호),제2010-20호,"① 임산부와 수유부는 섭취를 피할 것
② 의약품(항응고제, 항혈전제 등) 복용 시 전문가와 상담할 것
③ 알레르기 체질 등은 개인에 따라 과민반응을 나타낼 수 있음
④ 이상사례 발생 시 섭취를 중단하고 전문가와 상담할 것",514 (mg/일),mg/일,514 (mg/일),(국문) 갱년기 여성의 건강에 도움을 줄 수 있음(기타Ⅱ) (영문) May help to men-opausal women`s health
발효생성아미노산 복합물(기능성원료인정제2010-21호),제2010-21호,"?신장, 심혈관계 질환이 있거나 간기능이 저하된 분은 의사와 상담 후 섭취하십시오.?임산부, 수유부는 의사와 상담 후 섭취하십시오.",5 (g),g,5 (g),지구성 운동 시 피로개선에 도움을 줄 수 있음(기타기능Ⅱ)
석류추출물(기능성원료인정제2010-23호),제2010-23호,① 임산부와 수유부는 섭취를 피하는 것이 좋습니다.② 항혈전제를 복용하시는 분은 의사와 상의하시기 바랍니다.③ 에스트로겐 호르몬에 민감한 사람은 섭취에 주의하시기 바랍니다.,6 (g),g,6 (g),갱년기 여성의 건강에 도움을 줄 수 있음(기타Ⅱ)”
레몬 밤 추출물 혼합분말(기능성원료인정제2010-24호),제2010-24호,① 알레르기 반응이 나타날 경우에는 섭취를 중단하시기 바랍니다.,"1,380 (mg/일)",mg/일,"1,380 (mg/일)",체지방 감소에 도움을 줄 수 있음 (기타기능II)
AP 콜라겐 효소분해 펩타이드(기능성원료인정제2010-25호),제2010-25호,임산부와 수유부는 섭취에 주의하시기 바랍니다.,"1,500 (mg)",mg,"1,000 (mg)",피부 보습에 도움을 줄 수 있음 (기타 기능 Ⅱ)
피카오프레토분말 등 복합물(기능성원료인정제2010-28호),제2010-28호,"임산부와 수유부, 어린이는 섭취에 주의하시기 바랍니다.","1,350 (mg)",mg,"1,350 (mg)",과민반응에 의한 코 상태 개선에 도움을 줄 수 있음(기타Ⅱ)”
연어 펩타이드(기능성원료인정제2010-2호),제2010-2호,"① 임산부, 수유부는 섭취를 삼가시기 바랍니다.② 어린이, 노인, 신부전이 있는 사람, 혈압약을 복용하시는 분이 섭취 시에는 의사와 상담하셔야 합니다.",2 (g),g,2 (g),혈압이 높은 사람에게 도움을 줄 수 있음(기타기능II)
보리베타글루칸추출물(기능성원료인정제2010-32호),제2010-32호,,8 (g),g,3 (g),혈중 콜레스테롤 개선에 도움을 줄 수 있음(기타기능II)
지각상엽 추출 혼합물(기능성원료인정제2010-33호),제2010-33호,피부에 광과민성 반응이 나타나는 사람은 섭취에 주의,3 (g),g,3 (g),혈당 조절에 도움을 줄 수 있음 (기타기능II)
HK표고버섯균사체(기능성원료인정제2010-35호),제2010-35호,,350 (mg),mg,350 (mg),간건강에 도움을 줄 수 있음(기타기능II)
창녕양파추출액(기능성원료인정제2010-38호),제2010-38호,,150 (ml),ml,150 (ml),혈중 콜레스테롤 개선에 도움을 줄 수 있음 (기타기능 II)
크랜베리 추출물(Cran-Max)(기능성원료인정제2010-39호),제2010-39호,,500 (mg),mg,500 (mg),요로에 유해균 흡착 억제로 요로건강에 도움을 줄 수 있음(기타기능 II)
석류농축액(기능성원료인정제2010-40호),제2010-40호,"① 어린이, 임산부와 수유부는 섭취를 피하는 것이 좋습니다.② 에스트로겐 호르몬에 민감한 사람은 섭취에 주의하시기 바랍니다.",40 (ml),ml,40 (ml),갱년기 여성의 건강에 도움을 줄 수 있음(기타기능II)’
전칠삼추출물 등 복합물(기능성원료인정제2010-47호),제2010-47호,,800 (mg),mg,800 (mg),관절건강에 도움을 줄 수 있음 (기타기능II)
소엽추출물(기능성원료인정제2010-48호),제2010-48호,,(-),-,(-),면역 과민반응 개선에 도움을 줄 수 있으나 인체에서의 확인이 필요함(기타기능III)
스피루리나(기능성원료인정제2010-4호),제2010-4호,「건강기능식품의 기준 및 규격」 II.2.1.5 스피루리나,72 (mg),mg,67 (mg),면역조절에 도움을 줄 수 있으나 인체시험을 통한 확인이 필요함 (기타기능Ⅲ)
L-카르니틴 타르트레이트(기능성원료인정제2010-50호),제2010-50호,,2 (g),g,2 (g),체지방 감소에 도움을 줄 수 있음 (기타기능 Ⅱ)
쥐눈이콩 펩타이드 복합물(기능성원료인정제2010-53호),제2010-53호,,5 (g),g,5 (g),혈당조절에 도움을 줄 수 있으나 관련 인체적용시험이 미흡함(기타기능Ⅲ)
지초추출물(기능성원료인정제2010-59호),제2010-59호,,"2,200 (mg)",mg,0 (mg),피부보습에 도움을 줄 수 있음(기타기능Ⅱ)
복분자추출분말(기능성원료인정제2010-62호),제2010-62호,,"3,150 (mg)",mg,"3,150 (mg)",간 건강에 도움을 줄 수 있음(기타기능Ⅱ)
카제인 가수분해물(기능성원료인정제2010-6호),제2010-6호,,4 (mg),mg,2 (mg),혈압이 높은 사람에게 도움을 줄 수 있습니다.(기타기능 II)
그린마떼추출물(기능성원료인정제2010-7호),제2010-7호,,3 (g),g,3 (g),체지방 감소에 도움을 줄 수 있습니다(기타기능II)
아티초크추출물(기능성원료인정제2010-8호),제2010-8호,담관에 이상이 있는 분은 의사와 상의하신 후 섭취하시기 바랍니다. - 알레르기 반응이 나타나는 경우에는 섭취를 중단하시기 바랍니다.,2 (mg),mg,2 (mg),담즙분비를 촉진하여 지방 소화에 도움을 줄 수 있음(기타기능 II)”
호박씨추출물 등 복합물(기능성원료인정제2011-15호),제2011-15호,"(1) 영유아, 어린이, 임산부와 수유부는 섭취에 주의 (2) 호박씨, 대두에 알레르기를 나타내는 사람은 섭취에 주의 (3) 에스트로겐 호르몬에 민감한 사람은 섭취에 주의","1,000 (mg)",mg,600 (mg),방광의 배뇨기능 개선에 도움을 줄 수 있음(기타기능 II)
동충하초 발효 추출물(기능성원료인정제2011-16호),제2011-16호,"-어린이, 임산부, 수유부는 섭취에 주의
-섭취 시 가벼운 위불쾌감 유발 가능
-혈당강하제, 항응고제, 항우울제와 병용 시 섭취에 주의",3 (g/일),g/일,3 (g/일),"- (국문) 지구력 증진에 도움을 줄 수 있음
  (영문) May help to improve endurance"
글로빈 가수분해물(기능성원료인정제2011-21호),제2011-21호,"영유아, 어린이, 임산부와 수유부는 섭취 시 주의
높은 혈당 및 당뇨환자는 섭취 시 주의","1,000 (mg)",mg,"1,000 (mg)",식후 혈중 중성지질 개선에 도움을 줄 수 있음(기타기능Ⅱ)
유산균 발효 다시마추출물(기능성원료인정제2011-22호),제2011-22호,"1) 요오드 함량이 높은 식품(해조류, 어패류 등) 섭취 시 주의 (2) 갑상선질환 등을 보유하고 있는 사람은 섭취 시 주의 (3) 임산부 및 수유부는 섭취 시 주의","1,500 (mg)",mg,"1,500 (mg)",알콜성 손상으로부터 간을 보호하는데 도움을 줄 수 있음(기타기능Ⅱ)
유산균 발효 다시마추출물(기능성원료인정제2011-23호),제2011-23호,"(1) 요오드 함량이 높은 식품(해조류, 어패류 등) 섭취 시 주의 (2) 갑상선질환 등을 보유하고 있는 사람은 섭취 시 주의 (3) 임산부 및 수유부는 섭취 시 주의","1,501 (mg)",mg,"1,500 (mg)",알콜성 손상으로부터 간을 보호하는데 도움을 줄 수 있음(기타기능Ⅱ)
인삼가수분해 농축액(기능성원료인정제2011-27호),제2011-27호,"의약품(당뇨치료제, 혈액항응고제) 복용 시 섭취에 주의",960 (mg),mg,960 (mg),혈당 조절에 도움을 줄 수 있음(기타기능Ⅱ)
가시오갈피 등 복합추출물(기능성원료인정제2011-28호),제2011-28호,,2 (g),g,0 (g),관절 건강에 도움을 줄 수 있음(기타기능Ⅱ)
타가토스(기능성원료인정제2011-37호),제2011-37호,과량 섭취 시 위장장애가 발생할 수 있음,8 (mg),mg,5 (mg),식후 혈당조절에 도움을 줄 수 있음(기타기능Ⅱ)
크랜베리추출물(기능성원료인정제2011-39호),제2011-39호,,500 (mg),mg,0 (mg),요로에 유해균 흡착 억제로 요로건강에 도움을 줄 수 있음(기타기능 II)
당귀등추출복합물(기능성원료인정제2011-3호),제2011-3호,항응고제와 병용 시 주의,800 (mg),mg,800 (mg),노인의 기억력 개선에 도움을 줄 수 있음(기타기능Ⅱ)
발효생성아미노산 복합물(기능성원료인정제2011-40호),제2011-40호,"신장, 심혈관계 질환이 있거나 간기능이 저하된 분은 섭취에 주의 
임산부, 수유부는 섭취에 주의",5 (g),g,5 (g),지구성 운동 시 피로개선에 도움을 줄 수 있음 (생리활성기능 2등급)
콜레우스 포스콜리 추출물(기능성원료인정제2011-42호),제2011-42호,"임산부, 수유여성, 어린이는 섭취에 주의",500 (mg),mg,500 (mg),체지방 감소에 도움을 줄 수 있음(생리활성기능 2등급)
밀전분유래난소화성말토덱스트린(기능성원료인정제2011-6호),제2011-6호,"과량 섭취 시 설사, 복부팽만 등을 유발할 수 있으므로 주의","20,000 (mg)",mg,"8,000 (mg)",장내 유익균의 증식과 유해균의 억제에 도움을 줄 수 있음(기타기능II)
마카 젤라틴화 분말(기능성원료인정제2011-7호),제2011-7호,,5 (g/일),g/일,5 (g/일),정자 운동성 개선에 도움을 줄 수 있음(생리활성기능 2등급)
민들레 등 복합추출물(기능성원료인정제2012-12호),제2012-12호,,750 (mg),mg,750 (mg),피부보습에 도움을 줄 수 있음(생리활성기능 2등급)
지방산복합물 FAC(Fatty Acid Complex)(기능성원료인정제2012-16호),제2012-16호,임산부 및 수유부는 섭취 시 주의,"1,248 (mg/일)",mg/일,"1,248 (mg/일)",관절 건강에 도움을 줄 수 있음 (생리활성기능2등급)
L-카르니틴 타르트레이트(기능성원료인정제2012-19호),제2012-19호,,"2,000 (mg)",mg,"2,000 (mg)",체지방 감소에 도움을 줄 수 있음(생리활성기능 2등급)
마리골드추출물(루테인에스테르)(기능성원료인정제2012-22호),제2012-22호,-과다 섭취시 일시적으로 피부가 황색으로 변할 수 있음,20 (mg/일),mg/일,19 (mg/일),"(국문) 노화로 인해 감소될 수 있는 황반색소밀도를 유지하여 눈 건강에 도움을 줄 수 있음
(영문) May help the eye health by maintaining the density of macular pigments which can be decreased by aging"
콜라겐펩타이드(기능성원료인정제2012-24호),제2012-24호,임산부와 수유부는 섭취에 주의하시기 바랍니다.,2 (g),g,2 (g),피부 보습에 도움을 줄 수 있음(생리활성기능 2등급)
청국장균배양정제물(폴리감마글루탐산칼륨)(기능성원료인정제2012-25호),제2012-25호,"린이, 임신 또는 수유중인 여성은 섭취에 주의","1,000 (mg)",mg,"1,000 (mg)",면역기능 증진에 도움을 줄 수 있음(생리활성기능 2등급)
로즈힙분말(기능성원료인정제2012-27호),제2012-27호,"(1) 알레르기 반응을 보이는 사람의 경우 섭취전 성분 확인 필요함(2) 임산부, 수유부, 어린이의 섭취는 전문의와 상담 후 섭취를 권장함",5 (g),g,5 (g),관절 및 연골 건강에 도움을 줄 수 있음 (생리활성기능 2등급)
씨폴리놀 감태주정추출물(기능성원료인정제2012-28호),제2012-28호,"요오드 함량이 높은 식품(해조류, 어패류 등) 섭취 시 주의 갑상선질환 등을 보유하고 있는 사람은 섭취 시 주의 특정질화, 특이체질, 알러지체질, 임산부 와 12세이하의 어린이는 섭취시 주위",360 (mg),mg,72 (mg),혈중 콜레스테롤 개선에 도움을 줄 수 있음(생리활성기능 2등급)
솔잎증류농축액(기능성원료인정제2012-30호),제2012-30호,"기관지 천식, 해소 기침이나 기도에 심한 염증이 있는 사람은 섭취에 주의","1,350 (mg)",mg,"1,350 (mg)",건강한 혈당의 유지에 도움을 줄 수 있음(생리활성기능2등급)
콩발효추출물(기능성원료인정제2012-31호),제2012-31호,,900 (mg),mg,0 (mg),식후 혈당상승 억제에 도움을 줄 수 있음 (생리활성기능 2등급)
콩발효추출물(기능성원료인정제2012-32호),제2012-32호,,900 (mg),mg,900 (mg),식후 혈당상승 억제에 도움을 줄 수 있음 (생리활성기능 2등급)
아쉬아간다 추출물(기능성원료인정제2012-33호),제2012-33호,"임산부, 수유부, 어린이는 섭취에 주의",180 (mg),mg,125 (mg),스트레스로 인한 긴장 완화에 도움을 줄 수 있음 (생리활성기능 2등급)
핑거루트추출분말(기능성원료인정제2012-36호),제2012-36호,,600 (mg),mg,600 (mg),"(1) 자외선에 의한 피부손상으로부터 피부 건강을 유지하는데 도움을 줄 수 있음(생리활성기능 2등급)
(2) 체지방 감소에 도움을 줄 수 있음(생리활성기능 2등급)"
콜레우스포스콜리추출물(기능성원료인정제2012-5호),제2012-5호,"임산부, 수유여성, 어린이는 섭취에 주의",500 (mg),mg,500 (mg),체지방 감소에 도움을 줄 수 있음(생리활성기능 2등급)
나토균배양분말(기능성원료인정제2012-7호),제2012-7호,"대두에 알레르기를 나타내는 사람은 섭취에 주의 임산부,수유부 섭취에 주의 의약품(혈액항응고제) 복용시 섭취에 주의 수술 전 후 섭취에 주의",100 (mg),mg,100 (mg),혈압이 높은 사람에게 도움을 줄 수 있음(생리활성기능 2등급)
미역 등 복합추출물(잔티젠)(기능성원료인정제2013-10호),제2013-10호,"- 임산부, 수유부는 섭취에 주의- 석류에 알레르기가 있는 사람은 섭취에 주의- 에스트로겐 호르몬에 민감한 사람은 섭취에 주의",600 (mg),mg,600 (mg),체지방 감소에 도움을 줄 수 있음(생리활성기능 2등급)
과채유래유산균(L.plantarum CJLP133)(기능성원료인정제2013-11호),제2013-11호,,"1,000,000,000,000 (CFU)",CFU,"10,000,000,000 (CFU)",면역과민반응에 의한 피부상태 개선에 도움을 줄 수 있음 (생리활성기능 2등급)
가시오가피숙지황 복합추출물(기능성원료인정제2013-14호),제2013-14호,1) 영유아 임산부 수유부는 섭취에 주의2) 알레르기 체질이거나 특정질환이 있는 사람은 섭취에 주의,800 (g),g,800 (g),뼈건강에 도움을 줄 수 있음(생리활성기능 2등급)
동충하초 주정추출물(기능성원료인정제2013-16호),제2013-16호,,2 (g),g,2 (g),면역기능 증진에 도움을 줄 수 있음(생리활성기능 2등급)
L.sakei Probio65(기능성원료인정제2013-17호),제2013-17호,,"1,000,000,000,000 (CFU)",CFU,"10,000,000,000 (CFU)",면역과민반응에 의한 피부상태 개선에 도움을 줄 수 있음 (생리활성기능 2등급)
로즈힙분말(기능성원료인정제2013-18호),제2013-18호,"(1) 알레르기 반응을 보이는 사람의 경우 섭취전 성분 확인 필요함(2) 임산부, 수유부, 어린이의 섭취는 전문의와 상담 후 섭취를 권장함",5 (g),g,5 (g),관절 및 연골 건강에 도움을 줄 수 있음(생리활성기능 2등급)
로즈힙분말(기능성원료인정제2013-1호),제2013-1호,"(1) 알레르기 반응을 보이는 사람의 경우 섭취전 성분 확인 필요함 (2) 임산부, 수유부, 어린이의 섭취는 전문의와 상담 후 섭취를 권장함",5 (g),g,5 (g),관절 및 연골 건강에 도움을 줄 수 있음(생리활성기능 2등급)
락토페린 (우유정제단백질)(기능성원료인정제2013-20호),제2013-20호,우유 및 유제품에 대하여 알레르기 나타내는 사람은 섭취에 주의,300 (mg),mg,300 (mg),"체지방 감소에 도움을 줄 수 있음
 (생리활성기능 2등급)"
루테인지아잔틴복합추출물20%(기능성원료인정제2013-23호),제2013-23호,"-임산부는 섭취 전 의사와 상담이 필요합니다.
-과다 섭취 시 일시적으로 피부가 황색으로 변할 수 있습니다.",20 (mg/일),mg/일,10 (mg/일),"(국문) 노화로 인해 감소될 수 있는 황반색소밀도를 유지하여 눈건강에 도움을 줄 수 있음
(영문) May help the eye health by maintaining the density of macular pigments which can be decreased by aging"
가시오갈피등 복합추출물(기능성원료인정제2013-25호),제2013-25호,"- 임산부 및 수유부 여성은 섭취에 주의
- 알레르기 및 특이체질, 질병치료 중인 사람은 섭취에 주의",2 (g),g,2 (g),"관절 건강에 도움을 줄 수 있음
(생리활성기능 2등급)"
도라지추출물(기능성원료인정제2013-26호),제2013-26호,"임산부, 수유부 섭취에 주의알레르기 체질이거나 특정질환이 있는 분은 의사와 상담 후 섭취",3 (g),g,3 (g),간 건강에 도움을 줄 수 있음(생리활성기능 2등급)
저분자콜라겐펩타이드(기능성원료인정제2013-30호),제2013-30호,"영·유아, 어린이, 임산부, 수유부는 섭취에 주의","3,000 (mg/일)",mg/일,"1,000 (mg/일)","(국문)
① 피부 보습에 도움을 줄 수 있음
② 자외선에 의한 피부손상으로부터 피부 건강을 유지하는데 도움을 줄 수 있음
(영문)
① May help to maintain skin moisturizing
② May help to maintain skin health from skin damage by UV radiation"
MR-10 민들레등복합추출물(기능성원료인정제2013-31호),제2013-31호,,400 (mg),mg,400 (mg),갱년기 남성의 건강에 도움을 줄 수 있음(생리활성기능 2등급)
전칠삼추출물등 복합물(기능성원료인정제2013-32호),제2013-32호,,800 (mg),mg,800 (mg),관절건강에 도움을 줄 수 있음 (생리활성기능2등급)
효모베타글루칸(기능성원료인정제2013-34호),제2013-34호,,250 (mg),mg,250 (mg),면역기능 증진에 도움을 줄 수 있음(생리활성기능 2등급)
"피엘에이지(PLAG,1-palmitoyl-2-linoleoyl-3-acetyl-rac-glycerol)(기능성원료인정제2013-35호)",제2013-35호,"장기간(6개월 이상) 섭취 시 주의 어린이, 임산부, 수유부 및 가임여성은 섭취를 삼가  위장장애가 발생할 수 있으므로 주의",1 (g),g,1 (g),"면역조절에 도움을 줄 수 있으나, 관련 인체적용시험이 미흡함 (생리활성기능 3등급)"
핑거루트추출분말(판두라틴)(기능성원료인정제2013-5호),제2013-5호,,600 (mg),mg,600 (mg),"자외선에 의한 피부손상으로부터 피부 건강을 유지하는데 도움을 줄 수 있음(생리활성기능 2등급)
체지방 감소에 도움을 줄 수 있음(생리활성기능 2등급)
피부보습에 도움을 줄 수 있음(생리활성기능 2등급)"
나토균배양분말(기능성원료인정제2013-6호),제2013-6호,대두에 알레르기를 나타내는 사람은 섭취에 주의 임산부 수유부 섭취에 주의 의약품(혈액항응고제) 복용 시 섭취에 주의 수술 전후 섭취에 주의,67 (mg),mg,44 (mg),혈행 개선에 도움을 줄 수 있음(생리활성기능 2등급)
돌외잎주정추출분말(액티포닌®)(기능성원료인정제2013-8호),제2013-8호,일일섭취량 이상으로 섭취 시 위장장애 (구토와  위장운동 증가)가 발생할 수 있음.,450 (mg),mg,450 (mg),"(국문) 체지방 감소에 도움을 줄 수 있음 (생리활성기능 2등급)
(영문) May help reduce body fat mass(Other function claim 2 grade)"
포도씨 효소분해 추출분말(기능성원료인정제2013-9호),제2013-9호,,300 (mg),mg,150 (mg),혈압이 높은 사람에게 도움을 줄 수 있음(생리활성기능 2등급)
히드록시프로필메틸셀룰로오스(기능성원료인정제2014-12호),제2014-12호,,8 (g),g,4 (g),식후 혈당상승 억제에 도움을 줄 수 있음 (생리활성기능 2등급)
상엽추출물(기능성원료인정제2014-14호),제2014-14호,-임산부.수유부는 섭취에 주의,6 (g),g,6 (g),식후혈당 상승 억제에 도움을 줄 수 있음(생리활성기능 2등급)
로즈힙분말(기능성원료인정제2014-17호),제2014-17호,"(1) 알레르기 반응을 보이는 사람의 경우 섭취전 성분 확인 필요함 (2) 임산부, 수유부, 어린이의 섭취는 전문의와 상담 후 섭취를 권장함",5 (g),g,5 (g),관절 및 연골 건강에 도움을 줄 수 있음 (생리활성기능 2등급)
헛개나무과병추출분말(기능성원료인정제2014-1호),제2014-1호,"① 임산부 및 수유부는 섭취를 피할 것
② 간 질환이 있거나 의약품 복용 시 전문가와 상담할 것
③ 이상사례 발생 시 섭취를 중단하고 전문가와 상담할 것","2,460 (mg)",mg,"2,460 (mg)",(국문) 알콜성 손상으로부터 간을 보호하는데 도움을 줄 수 있음 (영문) May help to liver health on alcoholic liver damage
석류농축액(기능성원료인정제2014-22호),제2014-22호,"- 어린이, 임산부와 수유부는 섭취를 피하는 것이 좋습니다. 
- 에스트로겐 호르몬에 민감한 사람은 섭취에 주의하시기 바랍니다.",13 (ml),ml,13 (ml),갱년기 여성의 건강에 도움을 줄 수 있음 (생리활성기능 2등급)
보스웰리아 추출물(기능성원료인정제2014-23호),제2014-23호,임산부 및 수유부는 섭취에 주의,"1,000 (mg)",mg,"1,000 (mg)","관절 및 연골건강에 도움을 줄 수 있음
(생리활성기능 2등급)"
카카오분말(기능성원료인정제2014-25호),제2014-25호,"-제안된 일일섭취량 이상 과량 섭취하지 않도록 주의 
- 임산부와 수유부, 카페인에 민감한 사람의 경우 섭취에 주의 
-특정 질병이 있는 경우 섭취 전에 의사와 상담",3 (g),g,3 (g),"혈관이완을 통한 혈행개선에 도움을 줄 수 있음
(생리활성기능 2등급)"
CMO함유FAC(Fatty Acid Complex)(기능성원료인정제2014-26호),제2014-26호,임산부 및 수유부는 섭취 시 주의,893 (mg),mg,893 (mg),"관절 건강에 도움을 줄 수 있음
(생리활성기능2등급)"
UREX 프로바이오틱스(기능성원료인정제2014-27호),제2014-27호,- 알레르기 체질이거나 특정질환이 있는 분은 섭취 전 의사와 상담,"1,000,000,000 (mg)",mg,"1,000,000,000 (mg)","유산균 증식을 통한 여성 질 건강에 도움을 줄 수 있음
 (생리활성기능 2등급)"
무화과페이스트(기능성원료인정제2014-29호),제2014-29호,"무화과에 알레르기를 나타내는 사람은 섭취에 주의
과다 섭취 시 일시적인 복부팽만감을 느낄 수 있음",300 (g),g,300 (g),"배변활동 원활에 도움을 줄 수 있음
(생리활성기능 2등급)"
강황추출물(터마신)(기능성원료인정제2014-2호),제2014-2호,"- 영·유아, 임산부, 수유부는 섭취에 주의
- 강황 알레르기 체질이거나 특정질환(담낭질환 등)이 있는 분은 섭취에 주의
- 제안된 섭취량 이상 섭취 시 소화불량, 위장장애, 메스꺼움, 위산역류 등이 있을 수 있음",1 (g/일),g/일,1 (g/일),관절건강에 도움을 줄 수 있음(생리활성기능 2등급)
적포도발효농축액(기능성원료인정제2014-30호),제2014-30호,"유아, 어린이, 임산부 등 철의 필요량이 증가하는 연령층은 섭취에 주의",24 (ml),ml,24 (ml),"콜레스테롤 개선에 도움을 줄 수 있음
(생리활성기능 2등급)"
그린커피빈추출물(기능성원료인정제2014-31호),제2014-31호,"- 임산부와 수유기 여성, 유아, 어린이는 섭취에 주의
- 카페인이 함유되어 있어 초조감, 불면 등을 나타낼 수 있음",400 (mg),mg,400 (mg),"체지방 감소에 도움을 줄 수 있음
(생리활성기능 2등급)"
식물스타놀에스테르(기능성원료인정제2014-32호),제2014-32호,식물스타놀 에스테르는 지용성 비타민의 흡수를 저해할 수 있습니다,3 (g),g,3 (g),높은 혈중 콜레스테롤 수치 개선에 도움을 줄 수 있음”(생리활성기능 2등급)
파크랜크랜베리분말(기능성원료인정제2014-34호),제2014-34호,일일섭취량 준수하여 섭취,"1,000 (mg)",mg,500 (mg),요로의 유해균 흡착 억제로 요로건강에 도움을 줄 수 있음”(생리활성기능 2등급)
파크랜크랜베리추출분말(기능성원료인정제2014-35호),제2014-35호,일일섭취량 준수하여 섭취,"1,000 (mg)",mg,500 (mg),요로의 유해균 흡착 억제로 요로건강에 도움을 줄 수 있음”(생리활성기능 2등급)
오메가-3 지방산 함유 유지(기능성원료인정제2014-36호),제2014-36호,「건강기능식품 기능성 원료 및 기준?규격  인정에 관한 규정」 제10조제2항에 따라 「건강기능식품의 기준 및 규격」에 고시 예정임,2 (g),g,1 (g),"기억력 개선에 도움을 줄 수 있음
 (생리활성기능 2등급)"
닭가슴연골분말(기능성원료인정제2014-39호),제2014-39호,"- 임산부, 수유부는 섭취 시 의사와 상담
- 복용중인 의약품이 있는 분은 섭취 시 의사와 상담",40 (mg/일),mg/일,40 (mg/일),관절건강에 도움을 줄 수 있음(생리활성기능 2등급)
황기추출물 등 복합물(HT042)(기능성원료인정제2014-40호),제2014-40호,"- 임산부 및 수유부는 섭취를 피할 것
- 특정원료에 알레르기가 있거나 장기간 또는 의약품 복용시 전문가와 상담할 것
- 이상사례 발생 시 섭취를 중단하고 전문가와 상담할 것",2 (g),g,2 (g),어린이 키성장에 도움을 줄 수 있음(생리활성기능 2등급)
호박씨추출물 등 복합물(기능성원료인정제2014-43호),제2014-43호,"(1) 영유아, 어린이, 임산부와 수유부는 섭취에 주의
(2) 호박씨, 대두에 알레르기를 나타내는 사람은 섭취에 주의
(3) 에스트로겐 호르몬에 민감한 사람은 섭취에 주의","1,000 (mg)",mg,600 (mg),방광의 배뇨기능 개선에 도움을 줄 수 있음(생리활성기능 2등급)
참당귀 추출분말(Nutragen)(기능성원료인정제2014-44호),제2014-44호,"-소화불량, 속쓰림 등이 나타날 수 있습니다. 
-혈액응고방지제 또는 혈당강하제를 복용하시는 분은 의사의 상담 하에 사용하여 주십시오.",800 (mg),mg,800 (mg),"(국문) 노화로 저하된 인지기능 개선에 도움을 줄 수 있음
         관절건강에 도움을 줄 수 있음
(영문) May help to improve cognitive function     
         degraded by aging
         May help to maintain healthy joint"
L-arabinose(기능성원료인정제2014-45호),제2014-45호,"- 과도한 설탕의 섭취는 건강에 해로울 수 있음
 - 본 원료를 과량으로 섭취하면 설사를 유발할 수 있음
 - 당뇨병 치료를 받으시는 분은 의사와 상담 후 본 원료를 섭취할 것을 권장함",6 (g),g,6 (g),"설탕 소화흡수를 완만하게 하여 혈당조절에 
도움을 줄 수 있음
(생리활성기능 2등급)"
비파엽추출물(기능성원료인정제2014-46호),제2014-46호,,2 (g),g,2 (g),"기억력 개선에 도움을 줄 수 있음
(생리활성기능 2등급)"
스페인감초추출물(기능성원료인정제2014-4호),제2014-4호,"- 영・유아, 어린이, 임산부 및 수유부는 섭취에 주의
- 특정 질환(알레르기 체질 등)이 있는 분은 섭취에 주의
- 이상사례 발생 시 섭취를 중단하고 전문가와 상담할 것",150 (mg),mg,150 (mg),"(국문) 위 점막 내 헬리코박터균(Helicobacter pylori) 증식을 억제하고 위 점막을 보호하여 위 건강에 도움을 줄 수 있음
(영문) May help to stomach health by protecting gastric mucosa and inhibiting proliferation of Helicobacter pylori in gastric mucosa."
매스틱 검(기능성원료인정제2014-50호),제2014-50호,"임산부, 수유부 및 어린이는 섭취에 주의","1,050 (mg)",mg,"1,050 (mg)","위 불편감 개선에 도움을 줄 수 있음
(생리활성기능 2등급)"
구기자추출물(기능성원료인정제2014-51호),제2014-51호,"영유아 및 임산부, 수유부는 의사와 상담 후 섭취","1,425 (mg)",mg,"1,425 (mg)","기억력 개선에 도움을 줄 수 있음
(생리활성기능 2등급)"
발효식초석류복합물(기능성원료인정제2014-57호),제2014-57호,"(1) 임산부와 수유부는 섭취에 주의 
(2) 공복에 섭취하거나 과다 섭취 시 속쓰림 등 위에 자극을 느낄 수 있음",22 (ml),ml,22 (ml),"체지방 감소에 도움을 줄 수 있음
(생리활성기능 2등급)"
Lactobacillus gasseri BNR17(기능성원료인정제2014-5호),제2014-5호,산성도가 낮은 음료나 뜨거운 물과 함께 복용하는 것을 피하는 것이 좋음,(CFU),CFU,(CFU),체지방 감소에 도움을 줄 수 있음(생리활성기능 2등급)
옻나무 추출분말(기능성원료인정제2014-64호),제2014-64호,,1 (g),g,1 (g),"갱년기 남성의 건강에 도움을 줄 수 있음
(생리활성기능 2등급)"
중쇄지방산(MCFA) 함유유지(기능성원료인정제2014-6호),제2014-6호,,(mg/g),mg/g,(mg/g),이 제품은 중쇄지방산을 함유하고 있어 다른 식용유와 비교하였을 때 체지방 증가가 적을 수 있음 (생리활성기능 2등급)
보이차추출물(기능성원료인정제2014-7호),제2014-7호,"·카페인이 함유되어 있어 초조감, 불면 등을 나타낼 수 있음 
·임산부, 수유여성, 어린이, 질병치료 중인 환자는 섭취에 주의",1 (g/일),g/일,1 (g/일),"체지방 감소에 도움을 줄 수 있음,혈중 콜레스테롤 개선에 도움을 줄 수 있음(생리활성기능 2등급)"
옥수수배아추출물(기능성원료인정제2014-8호),제2014-8호,,60 (mg),mg,40 (mg),"피부보습에 도움을 줄 수 있음
(생리활성기능2등급)"
올리브잎주정추출물(기능성원료인정제2014-9호),제2014-9호,"(1) 위, 간 및 신장 질환이 있거나 고혈압치료제 등 복용시 전문가와 상의할 것
(2) 이상사례 발생 시 섭취를 중단하고 전문가와 상담할 것","1,000 (mg/일)",mg/일,500 (mg/일),"(국문) 혈압 조절에 도움을 줄 수 있음
(영문) May help to maintain healthy blood pressure"
콩․보리 발효복합물(기능성원료인정제2015-10호),제2015-10호,,3 (g),g,3 (g),피부 보습에 도움을 줄 수 있음 (생리활성기능 2등급)
인삼다당체추출물(기능성원료인정제2015-11호),제2015-11호,"- 특이체질 또는 알레르기 체질인 경우에는 성분을 확인한 후 섭취
- 의약품(당뇨치료제, 혈액항응고제) 복용 시 섭취에 주의",6 (g),g,6 (g),면역기능 증진에 도움을 줄 수 있음 (생리활성기능 2등급)
와일드 망고 종자추출물(IGOB131)(기능성원료인정제2015-14호),제2015-14호,임산부 및 수유 여성은 섭취에 주의,300 (mg),mg,300 (mg),체지방 감소에 도움을 줄 수 있음 (생리활성기능 2등급)
유단백추출물(기능성원료인정제2015-16호),제2015-16호,,40 (mg),mg,40 (mg),"뼈 건강에 도움을 줄 수 있음
(생리활성기능 2등급)"
천마 등 복합추출물(HX106)(기능성원료인정제2015-17호),제2015-17호,,1 (g),g,1 (g),"기억력 개선에 도움을 줄 수 있음
(생리활성기능 2등급)"
밀배유추출물(기능성원료인정제2015-18호),제2015-18호,,30 (mg),mg,30 (mg),"피부 보습에 도움을 줄 수 있음
(생리활성기능 2등급)"
L-아르기닌(기능성원료인정제2015-19호),제2015-19호,,6 (g),g,6 (g),"혈관이완을 통해 혈행 개선에 도움을 줄 수 있음
(생리활성기능 2등급)"
프로바이오틱스 HY7714(기능성원료인정제2015-1호),제2015-1호,-알레르기 체질이거나 특정질환이 있는 분은 섭취 전 의사와 상담,"10,000,000,000 (CFU)",CFU,"10,000,000,000 (CFU)","-피부 보습에 도움을 줄 수 있음 (생리활성기능 2등급)
-자외선에 의한 피부손상으로부터 피부 건강 유지에 도움을 줄 수 있음(생리활성기능 2등급)"
까마귀쪽나무 열매 주정추출물(기능성원료인정제2015-22호),제2015-22호,,200 (mg),mg,200 (mg),"관절건강에 도움을 줄 수 있음
(생리활성기능 2등급)"
까마귀쪽나무 열매 주정추출물(기능성원료인정제2015-23호),제2015-23호,,200 (mg),mg,200 (mg),"관절건강에 도움을 줄 수 있음
(생리활성기능 2등급)"
석류추출물(기능성원료인정제2015-28호),제2015-28호,① 임산부와 수유부는 섭취를 피하는 것이 좋습니다. ② 항혈전제를 복용하시는 분은 의사와 상의하시기 바랍니다. ③ 에스트로겐 호르몬에 민감한 사람은 섭취에 주의하시기 바랍니다.,2 (g),g,2 (g),"갱년기 여성의 건강에 도움을 줄 수 있음
(생리활성기능 2등급)"
감태추출물(기능성원료인정제2015-6호),제2015-6호,"- 요오드 함량이 높은 식품(해조류, 어패류 등) 섭취 시 주의
- 갑상선질환, 위장관 질환 또는 위장관 장애 등을 보유하고 있는 사람은 섭취 시 주의
- 임산부, 수유부 및 12세 이하 어린이는 섭취 시 주의",500 (mg),mg,500 (mg),수면의 질 개선에 도움을 줄 수 있음 (생리활성기능 2등급)
돌외잎추출물(기능성원료인정제2015-7호),제2015-7호,"과량 섭취 시 위장장애(구토와 위장운동 증가)가 발생할 수 있음
아스피린, 혈액항응고제 복용 시 섭취에 주의",400 (mg),mg,400 (mg),"스트레스로 인한 긴장완화에 도움을 줄 수 있음
 (생리활성기능 2등급)"
풋사과추출물 애플페논(Applephenon)(기능성원료인정제2015-9호),제2015-9호,사과에 알레르기가 있으신 분은 섭취 시 주의,600 (mg),mg,600 (mg),체지방 감소에 도움을 줄 수 있음 (생리활성기능 2등급)
헛개나무과병추출분말(기능성원료인정제2016-10호),제2016-10호,,"2,460 (mg)",mg,"2,460 (mg)",알콜성 손상으로부터 간을 보호하는데 도움을 줄 수 있음(생리활성기능 2등급)
창녕양파추출액(기능성원료인정제2016-11호),제2016-11호,,150 (ml),ml,150 (ml),혈중 콜레스테롤 개선에 도움을 줄 수 있음(생리활성기능 2등급)
유산균발효마늘추출물(기능성원료인정제2016-16호),제2016-16호,,2 (g),g,2 (g),"간건강에 도움을 줄 수 있음
(생리활성기능 2등급)"
오미자추출물(기능성원료인정제2016-21호),제2016-21호,,783 (mg/일),mg/일,783 (mg/일),갱년기 여성 건강에 도움을 줄 수 있음(생리활성기능 2등급)
히알루론산(기능성원료인정제2017-2호),제2017-2호,,240 (mg/일),mg/일,240 (mg/일),"(국문) 자외선에 의한 피부손상으로부터 피부 건강 유지에 도움을 줄 수 있음(생리활성기능 2등급)
(영문) May help to maintain skin health from skin damage by UV radiation"
허니부쉬추출발효분말(기능성원료인정제2017-3호),제2017-3호,"-어린이, 임산부, 수유부는 섭취에 주의
-유당불내증이 있는 사람은 섭취에 주의",800 (mg/일),mg/일,400 (mg/일),"(국문) 자외선에 의한 피부손상으로부터 피부 건강 유지에 도움을 줄 수 있음
(영문) May help to maintain skin health from skin damage by UV radiation"
호로파종자 등 추출복합물(기능성원료인정제2017-5호),제2017-5호,땅콩 알레르기가 있는 사람은 섭취에 주의,400 (mg/일),mg/일,400 (mg/일),남성의 갱년기 건강에 도움을 줄 수 있음
Lactobacillus gasseri BNR17(기능성원료인정제2017-6호),제2017-6호,산성도가 낮은 음료나 뜨거운 물과 함꼐 복용하는 것을 피하는 것이 좋음,"10,000,000,000 (CFU)",CFU,"10,000,000,000 (CFU)",체지방 감소에 도움을 줄 수 있음(생리활성기능)
키토올리고당(기능성원료인정제2018-10호),제2018-10호,게 또는 새우에 알레르기가 있는 사람은 섭취에 주의(게 또는 새우를 원재료로 사용한 경우에 한함),750 (mg/일),mg/일,750 (mg/일),"(국문) 식후혈당 감소에 도움을 줄 수 있음
(영문) May help to maintain healthy blood glucose level"
루테인지아잔틴복합추출물(기능성원료인정제2018-11호),제2018-11호,"· 영·유아, 어린이, 임산부 및 수유부는 섭취에 주의 · 과다 섭취 시 일시적으로 피부가 황색으로 변할 수 있음",24 (mg/일),mg/일,12 (mg/일),(국문) 노화로 인해 감소될 수 있는 황반색소밀도를 유지하여 눈건강에 도움을 줄 수 있음 (영문) May help the eye health by maintaining the density of macular pigments which can be decreased by aging
Lactobacillus rhamnosus IDCC3201 열처리배양건조물(기능성원료인정제2018-12호),제2018-12호,"-어린이, 임산부 및 수유부는 섭취에 주의
-알레르기 체질이신 경우 섭취시 주의
-질병으로 인하여 치료중인 분은 의사 또는 약사와 상담이 필요함",400 (mg/일),mg/일,400 (mg/일),"(국문) 면역과민반응에 의한 피부상태 개선에 도움을 줄 수 있음 (생리활성기능) 
(영문) May help to improve skin condition of immune hypersensitivity reaction"
우슬등복합물(HL-Joint100)(기능성원료인정제2018-13호),제2018-13호,"· 영·유아, 어린이, 임산부 및 수유부는 섭취에 주의
· 에스트로겐 호르몬에 민감한 사람은 섭취에 주의","1,000 (mg/일)",mg/일,"1,000 (mg/일)",(국문) 관절 및 연골건강에 도움을 줄 수 있음(생리활성기능) (영문) May help to maintain healthy joint and cartilage
시서스추출물(기능성원료인정제2018-14호),제2018-14호,"• 영·유아, 어린이, 임산부 및 수유부는 섭취에 주의
• 의약품(혈당강하제) 복용 시 섭취에 주의",300 (mg/일),mg/일,300 (mg/일),(국문) 체지방 감소에 도움을 줄 수 있음(생리활성기능) / (국문) 체지방 감소에 도움을 줄 수 있음(생리활성기능)
곰피추출물(기능성원료인정제2018-1호),제2018-1호,"임산부, 수유부 및 12세 이하 어린이는 섭취 시 주의
요오드 함량이 높은 식품(해조류, 어패류 등)과 병용 섭취 시 주의
갑상선질환 등을 보유하고 있는 사람은 섭취 시 주의",420 (mg/일),mg/일,420 (mg/일),"(국문) 간 건강에 도움을 줄 수 있음
(영문) May help to liver health"
빌베리추출물(기능성원료인정제2018-2호),제2018-2호,,240 (mg/일),mg/일,160 (mg/일),"(국문) 눈의 피로 개선에 도움을 줄 수 있음
(영문) May help to improve eye fatigue"
미강주정추출물(기능성원료인정제2018-3호),제2018-3호,"· 영·유아, 어린이, 임산부 및 수유부는 섭취에 주의
· 의약품(항히스타민제 또는 중추신경계억제제)과 병용섭취 시 주의",1 (g/일),g/일,1 (g/일),(국문) 수면에 도움을 줄 수 있음  (영문) May help to sleep
루테인지아잔틴복합추출물(기능성원료인정제2018-4호),제2018-4호,"영·유아, 어린이, 임산부 및 수유부는 섭취에 주의, 과다 섭취 시 일시적으로 피부가 황색으로 변할 수 있음",20 (mg/일),mg/일,10 (mg/일),노화로 인해 감소될 수 있는 황반색소밀도를 유지하여 눈 건강에 도움을 줄 수 있음
세리포리아 락세라타 균사체 배양물(기능성원료인정제2018-5호),제2018-5호,"-영.유아, 어린이, 임산부 및 수유부는 섭취에 주의
-알레르기 체질이거나 특정질환이 있는 분은 섭취 전 의사와 상담",3 (g/일),g/일,3 (g/일),"(국문) 혈당조절에 도움을 줄 수 있음
(영문) May help to maintain healthy blood glucose level"
그린커피빈주정추출물(기능성원료인정제2018-6호),제2018-6호,"· 영·유아, 어린이, 임산부 및 수유부는 섭취에 주의
· 카페인이 함유되어 있어 초조감, 불면 등을 나타낼 수 있음",500 (mg/일),mg/일,500 (mg/일),체지방 감소에 도움을 줄 수 있음
석류농축분말(기능성원료인정제2018-8호),제2018-8호,"영·유아, 어린이, 임산부와 수유부는 섭취에 주의 / 에스트로겐 호르몬에 민감한 사람은 섭취에 주의",1 (g/일),g/일,1 (g/일),"(국문) 1. 피부 보습에 도움을 줄 수 있음  2. 자외선에 의한 피부 손상으로부터 피부건강을 유지하는데 도움을 줄 수 있음 
(영문) 1. Help to maintain skin moisturizing 2. Help to maintain skin health from skin damage by UV radiation"
오미자추출물(기능성원료인정제2018-9호),제2018-9호,"· 영·유아, 어린이, 임산부 및 수유부는 섭취에 주의
· 수술 전․후 섭취에 주의
· 식사조절, 운동을 병행하는 것이 바람직함","1,582 (mg/일)",mg/일,"1,582 (mg/일)","(국문) 근력 개선에 도움을 줄 수 있음
(영문) Help to improve muscle strength"
빌베리 추출물(기능성원료인정제2019-10호),제2019-10호,,240 (mg/일),mg/일,160 (mg/일),"(국문) 눈의 피로 개선에 도움을 줄 수 있음
(영문) May help to improve eye fatigue"
오가피열매추출물(기능성원료인정제2019-11호),제2019-11호,"·영·유아, 어린이, 임산부 및 수유부는 섭취에 주의 ·특정질환(알레르기 체질, 간·신장 질환 환자 등)이 있는 분은 섭취에 주의 ·이상사례 발생 시 섭취를 중단하고 전문가와 상담할 것",2 (g/일),g/일,2 (g/일),(국문) 혈압조절에 도움을 줄 수 있음 (영문) May help to regulate blood pressure
피쉬 콜라겐펩타이드(기능성원료인정제2019-12호),제2019-12호,"-영·유아, 어린이, 임산부 및 수유부는 섭취에 주의
-특정질환(알레르기 체질 등)이 있는 분은 섭취에 주의
-이상사례 발생 시 섭취를 중단하고 전문가와 상담할 것","3,270 (mg/일)",mg/일,"3,270 (mg/일)","(국문)
 -자외선에 의한 피부손상으로부터 피부건강을 유지하는데 도움을 줄 수 있음
 -피부보습에 도움을 줄 수 있음
(영문)
 -May help to maintain skin health from skin damage by UV radiation
 -May help to maintain skin moisturizing"
쑥부쟁이추출분말(기능성원료인정제2019-13호),제2019-13호,"·영·유아, 어린이, 임산부 및 수유부는 섭취에 주의 ·국화과에 알레르기를 나타내는 사람은 섭취에 주의 ·이상사례 발생 시 섭취를 중단하고 전문가와 상담할 것",2 (g/일),g/일,2 (g/일),(국문) 면역과민반응에 의한 코상태 개선에 도움을 줄 수 있음 (영문) May help to improve nasal condition caused by hypersensitivity reaction
인동덩굴꽃봉오리추출물(그린세라-F)(기능성원료인정제2019-14호),제2019-14호,"·영·유아, 어린이, 임산부 및 수유부는 섭취에 주의 ·특정질환(알레르기 체질 등)이 있는 분은 섭취에 주의 ·이상사례 발생 시 섭취를 중단하고 전문가와 상담할 것",250 (mg/일),mg/일,250 (mg/일),(국문) 위 점막을 보호하여 위 건강에 도움을 줄 수 있음 (영문) May help to maintain healthy stomach by protecting gastric mucosa
호로파종자추출물(기능성원료인정제2019-15호),제2019-15호,"-땅콩 알레르기가 있는 사람은 섭취에 주의
-영·유아, 어린이, 임산부 및 수유부는 섭취에 주의
-특정질환(알레르기 체질 등)이 있는 분은 섭취에 주의 ․이상사례 발생 시 섭취를 중단하고 전문가와 상담할 것",600 (mg),mg,600 (mg),(국문) 갱년기 남성 건강에 도움을 줄 수 있음  (영문) May help to climacteric men`s health
루테인지아잔틴복합추출물(기능성원료인정제2019-16호),제2019-16호,"· 영·유아, 어린이, 임산부 및 수유부는 섭취에 주의
· 과다 섭취 시 일시적으로 피부가 황색으로 변할 수 있음",20 (mg/일),mg/일,10 (mg/일),"(국문) 노화로 인해 감소될 수 있는 황반색소밀도를 유지하여 눈 건강에 도움을 줄 수 있음
 (영문) May help the eye health by maintaining the density of macular pigments which can be decreased by aging"
차즈기추출물(기능성원료인정제2019-17호),제2019-17호,"· 영·유아, 어린이, 임산부 및 수유부는 섭취에 주의 · 특정질환(알레르기 체질 등)이 있는 분은 섭취에 주의 ․이상사례 발생 시 섭취를 중단하고 전문가와 상담할 것",500 (mg/일),mg/일,500 (mg/일),(국문)  눈의 피로도 개선에 도움을 줄 수 있음  (영문) May help to improve eye fatigue
쇠비름주정추출분말(KDC16-2)(기능성원료인정제2019-18호),제2019-18호,"․영·유아, 어린이, 임산부 및 수유부는 섭취에 주의 ․특정질환(알레르기 체질 등)이 있는 분은 섭취에 주의 ․이상사례 발생 시 섭취를 중단하고 전문가와 상담할 것",480 (mg/일),mg/일,480 (mg/일),(국문) 배변활동 원활에 도움을 줄 수 있음 (영문) May help to improve bowel movements
댕댕이나무열매추출분말(기능성원료인정제2019-19호),제2019-19호,"․영·유아, 어린이, 임산부 및 수유부는 섭취에 주의 ․특정질환(알레르기 체질 등)이 있는 분은 섭취에 주의 ․이상사례 발생 시 섭취를 중단하고 전문가와 상담할 것","1,960 (mg/일)",mg/일,"1,960 (mg/일)",(국문) 비알콜성 간 손상으로부터 간 건강에 도움을 줄 수 있음 (영문) May help to liver health by non-alcoholic liver injury
옻나무추출분말(기능성원료인정제2019-1호),제2019-1호,"· 영·유아 어린이, 임산부 및 수유부는 섭취에 주의 · 특이체질(옻 알레르기)을 나타내는 사람은 섭취에 주의",1 (g),g,1 (g),(국문) 갱년기 남성의 건강에 도움을 줄 수 있음  (영문) May help to climacteric men`s health
저분자콜라겐펩타이드NS(기능성원료인정제2019-20호),제2019-20호,"-영·유아, 어린이, 임산부와 수유부는 섭취에 주의
-특정 질환(알레르기 체질 등)이 있는 분은 섭취에 주의
-이상사례 발생 시 섭취를 중단하고 전문가와 상담할 것",2 (g/일),g/일,2 (g/일),"(국문)
 -자외선에 의한 피부손상으로부터 피부건강을 유지하는데  도움을 줄 수 있음
 -피부보습에 도움을 줄 수 있음
(영문)
 -May help to maintain skin health from skin damage by UV radiation
 -May help to maintain skin moisturizing"
풋사과추출물 애플페논(Applephenon)(기능성원료인정제2019-21호),제2019-21호,"․영·유아, 어린이, 임산부 및 수유부는 섭취에 주의 ․특정 질환(알레르기 체질 등)이 있는 분은 섭취에 주의 ․이상사례 발생 시 섭취를 중단하고 전문가와 상담할 것",600 (mg),mg,600 (mg),(국문) 체지방 감소에 도움을 줄 수 있음 (영문) May help to reduce body fat
Lactobacillus acidophilus YT1(기능성원료인정제2019-22호),제2019-22호,․질환이 있거나 의약품(면역억제제 등) 복용 시 전문가와 상담할 것 ․알레르기 체질 등은 개인에 따라 과민반응을 나타낼 수 있음 ․어린이가 함부로 섭취하지 않도록 일일섭취량 방법을 지도할 것 ․이상사례 발생 시 섭취를 중단하고 전문가와 상담할 것,"100,000,000 (CFU)",CFU,"100,000,000 (CFU)",(국문) 갱년기 여성 건강에 도움을 줄 수 있음 (영문) May help to menopausal womens health
자몽추출물등 복합물(Sinetrol)(기능성원료인정제2019-24호),제2019-24호,"․영·유아, 어린이, 임산부 및 수유부는 섭취에 주의 ․특정질환(알레르기 체질 등)이 있는 분은 섭취에 주의 ․이상사례 발생 시 섭취를 중단하고 전문가와 상담할 것 ․의약품(혈압강하제, 부정맥치료제, 고지혈증치료제, 항응고제 등)을 복용하시는 분은 섭취 전 의사와 상담 ․카페인을 함유한 식품의 섭취에 주의할 것",900 (mg/일),mg/일,900 (mg/일),(국문) 체지방 감소에 도움을 줄 수 있음 (영문) May help to reduce body fat
로즈마리자몽추출복합물(기능성원료인정제2019-25호),제2019-25호,"-영·유아, 어린이, 임산부 및 수유부는 섭취에 주의
-특정질환(알레르기 체질 등)이 있는 분은 섭취에 주의
-이상사례 발생 시 섭취를 중단하고 전문가와 상담할 것
-의약품(혈압강하제, 부정맥치료제, 고지혈증치료제, 항응고제 등)을 복용하시는 분은 섭취 전 의사와 상담",100 (mg/일),mg/일,250 (mg/일),(국문) 자외선에 의한 피부손상으로부터 피부건강을 유지하는데 도움을 줄 수 있음 (영문) May help to maintain skin health from skin damage by UV radiation
리스펙타(Respecta®) 프로바이오틱스(기능성원료인정제2019-26호),제2019-26호,"-영·유아, 어린이, 임산부 및 수유부는 섭취에 주의
-우유, 유제품 및 기타 제품에 대해 알레르기가 있는 사람은 섭취에 주의
-이상사례 발생 시 섭취를 중단하고 전문가와 상담할 것",124 (mg/일),mg/일,124 (mg/일),(국문) 질내 유익균 증식 및 유해균 억제에 도움을 줄 수 있음 (영문) May help to proliferate vaginal beneficial flora and to suppress pathogenic bacteria
포도과피 효소발효추출물(KL-GEFE)(기능성원료인정제2019-27호),제2019-27호,"․영·유아, 어린이, 임산부 및 수유부는 섭취에 주의 
․이상사례 발생 시 섭취를 중단하고 전문가와 상담할 것 
․특정질환(알레르기 체질 등)은 섭취에 주의",800 (mg),mg,800 (mg),"(국문) 건조한 눈을 개선하여 눈 건강에 도움을 줄 수 있음
(영문) May help to maintain eye health as the improvement of dry eyes"
L.plantarum IM76과 B.longum IM55 복합물(NVP1703)(기능성원료인정제2019-28호),제2019-28호,"․질환이 있거나 의약품 복용 시 전문가와 상담할 것
․특정 질환(알레르기 체질 등)이 있는 분은 섭취에 주의
․영·유아, 어린이, 임산부 및 수유부는 섭취에 주의
․이상사례 발생 시 섭취를 중단하고 전문가와 상담할 것","10,000,000,000 (CFU)",CFU,"10,000,000,000 (CFU)","(국문) 면역과민반응에 의한 코상태 개선에 도움을 줄 수 있음
(영문) May help to improve nasal condition caused by hypersensitivity reaction"
대두추출물등 복합물(기능성원료인정제2019-29호),제2019-29호,"·영·유아, 어린이, 임산부 및 수유부는 섭취에 주의
·에스트로겐 호르몬에 민감한 사람은 섭취에 주의
·메스꺼움 등 소화계통의 불편함과 설사를 유발 할 수 있음
·알레르기 체질이거나 특정질환이 있는 사람은 섭취 전  전문가와 상담할 것
·이상사례 발생 시 섭취를 중단하고 전문가와 상담할 것",190 (mg/일),mg/일,190 (mg/일),"(국문) 갱년기 여성건강에 도움을 줄 수 있음
(영문) May help to menopausal women`s health"
인삼(기능성원료인정제2019-2호),제2019-2호,"의약품(당뇨치료제, 혈액항응고제) 복용 시 섭취에 주의",25 (mg),mg,25 (mg),(국문) 뼈 건강에 도움을 줄 수 있음 (영문) May help to maintain healthy bone
포도블루베리추출혼합분말(Memophenol)(기능성원료인정제2019-30호),제2019-30호,"-영·유아, 어린이, 임산부 및 수유부는 섭취에 주의
-특정질환(알레르기 체질 등)이 있는 분은 섭취에 주의
-이상사례 발생 시 섭취를 중단하고 전문가와 상담할 것",600 (mg/일),mg/일,600 (mg/일),"-(국문)  기억력 개선에 도움을 줄 수 있음
  (영문) May help to improve memory"
돈태반 발효추출물(기능성원료인정제2019-31호),제2019-31호,"-영·유아, 어린이, 임산부 및 수유부는 섭취에 주의
-특정 질환(알레르기 체질 등)이 있는 분은 섭취에 주의
-이상사례 발생 시 섭취를 중단하고 전문가와 상담할 것",320 (mg/일),mg/일,320 (mg/일),"-(국문) 피로 개선에 도움을 줄 수 있음
  (영문) May help to improve fatigue"
깻잎추출물(PF501)(기능성원료인정제2019-3호),제2019-3호,"영·유아, 어린이, 임산부 및 수유부는 섭취에 주의",3 (g/일),g/일,3 (g/일),(국문) 체지방 감소에 도움을 줄 수 있음 (영문) May help to reduce body fat
Lactobacillus복합물HY7601+KY1032(기능성원료인정제2019-4호),제2019-4호,·질환이 있거나 의약품(면역억제제 등) 복용 시 전문가와 상담할 것 ·알레르기 체질 등은 개인에 따라 과민반응을 나타낼 수 있음 ·어린이가 함부로 섭취하지 않도록 일일섭취량 방법을 지도할 것 ·이상사례 발생 시 섭취를 중단하고 전문가와 상담할 것,"10,000,000,000 (CFU)",CFU,"10,000,000,000 (CFU)",(국문) 체지방 감소에 도움을 줄 수 있음 (영문) May help to reduce body fat
연어이리추출물(PRP연어핵산)(기능성원료인정제2019-5호),제2019-5호,"· 영·유아, 어린이, 임산부 및 수유부는 섭취에 주의 · 질환이 있거나 의약품(면역억제제 등) 복용 시 전문가와 상담할 것 · 이상사례 발생 시 섭취를 중단하고 전문가와 상담할 것",500 (mg/일),mg/일,500 (mg/일),(국문) 관절 건강에 도움을 줄 수 있음  (영문) May help to maintain healthy joint
루바브뿌리추출물(기능성원료인정제2019-6호),제2019-6호,"· 영·유아, 어린이, 임산부 및 수유부는 섭취에 주의 · 에스트로겐 호르몬에 민감한 사람은 섭취에 주의 · 메스꺼움 등 소화계통의 불편함과 설사를 유발 할 수 있음 · 알레르기 체질이거나 특정질환이 있는 사람은 섭취 전      전문가와 상담할 것 · 이상사례 발생 시 섭취를 중단하고 전문가와 상담할 것",4 (mg/일),mg/일,4 (mg/일),(국문) 갱년기 여성 건강에 도움을 줄 수 있음 (영문) May help to menopausal women`s health
스페인감초추출물(기능성원료인정제2019-7호),제2019-7호,"· 영・유아, 어린이, 임산부 및 수유부는 섭취에 주의· 특정 질환(알레르기 체질 등)이 있는 분은 섭취에 주의· 이상사례 발생 시 섭취를 중단하고 전문가와 상담할 것",150 (mg/일),mg/일,150 (mg/일),(국문) 위 점막 내 헬리코박터균(Helicobacter pylori) 증식을 억제하고 위 점막을 보호하여 위 건강에 도움을 줄 수 있음 (영문) May help to stomach health by protecting gastric mucosa and inhibiting proliferation of Helicobacter pylori in gastric mucosa.
상황버섯등 추출복합물(기능성원료인정제2019-8호),제2019-8호,"·영·유아, 어린이, 임산부 및 수유부는 섭취에 주의 ·의약품(항응고제)과 복용 시 섭취에 주의 ·특정질환(알레르기 체질 등)이 있는 분은 섭취에 주의 ·이상사례 발생 시 섭취를 중단하고 전문가와 상담할 것",900 (mg),mg,900 (mg),(국문) 혈관이완을 통한 혈행개선에 도움을 줄 수 있음 (영문) May help to blood flow improvement by vaso-relaxative action
우뭇가사리추출물(기능성원료인정제2019-9호),제2019-9호,"·영·유아, 어린이, 임산부 및 수유부는 섭취에 주의 ·특정 질환(알레르기 체질 등)이 있는 분은 섭취에 주의 ·과다섭취시 미약한 설사, 구토, 배변량 증가, 배변빈도 증가, 복부팽만, 두통 등의 부작용을 일으킬 수 있음 ·이상사례 발생 시 섭취를 중단하고 전문가와 상담할 것","1,000 (mg/일)",mg/일,"1,000 (mg/일)",(국문) 체지방 감소에 도움을 줄 수 있음 (영문) May help to reduce body fat
베타글루칸분말(기능성원료인정제2020-10호),제2020-10호,"-영.유아, 어린이, 임산부 및 수유부는 섭취에 주의
-특정질환(알레르기 체질 등)이 있는 분은 섭취에 주의
-이상사례 발생 시 섭취를 중단하고 전문가와 상담할 것",412 (mg/일),mg/일,412 (mg/일),"(국문) 면역기능 증진에 도움을 줄 수 있음
(영문) May help to improve immune function"
밀 추출물(Ceratiq®)(기능성원료인정제2020-15호),제2020-15호,"-영·유아, 어린이, 임산부 및 수유부는 섭취에 주의
-밀 알레르기를 나타내는 사람은 섭취에 주의
-특정질환(알레르기 체질 등)이 있는 분은 섭취에 주의
-이상사례 발생 시 섭취를 중단하고 전문가와 상담할 것",350 (mg/일),mg/일,350 (mg/일),"- (국문) 피부보습에 도움을 줄 수 있음
  (영문) May help to maintain skin moisturizing"
콘드로이친(기능성원료인정제2020-1호),제2020-1호,"-영·유아, 어린이, 임산부 및 수유부는 섭취에 주의할 것 -이상사례 발생 시 섭취를 중단하고 전문가와 상담할 것 -특정질환(알레르기 체질 등)이 있는 분은 섭취에 주의할 것 -수술 전후 또는 항응고제, 항혈소판제, 비스테로이드계 항염증약 복용자는 섭취 전 전문의와 상담할 것 -천식이 있는 사람은 섭취 전 전문의와 상담할 것","1,200 (mg/일)",mg/일,"1,200 (mg/일)",(국문) 관절 및 연골 건강에 도움을 줄 수 있음 (영문) May help maintain healthy joint
유단백가수분해물(락티움)(기능성원료인정제2020-2호),제2020-2호,"-임산부, 수유여성 및 어린이는 섭취에 주의 -우유 및 유제품에 대하여 알레르기를 나타내는 사람은 섭취에 주의",300 (mg/일),mg/일,300 (mg/일),(국문) 수면의 질 개선에 도움을 줄 수 있음 (영문) May help to improve sleep
작약추출물등복합물(HT074)(기능성원료인정제2020-3호),제2020-3호,"-영·유아, 어린이, 임산부 및 수유부는 섭취에 주의
-특정질환(알레르기 체질 등)이 있는 분은 섭취에 주의
-이상사례 발생 시 섭취를 중단하고 전문가와 상담할 것",700 (mg/일),mg/일,700 (mg/일),"(국문) 위 점막을 보호하여 위 건강에 도움을 줄 수 있음
(영문) May help to maintain healthy stomach by protecting gastric mucosa"
배초향 추출물(Agatri)(기능성원료인정제2020-4호),제2020-4호,"-영·유아, 어린이, 임산부 및 수유부는 섭취에 주의
-특정질환(알레르기 체질 등)이 있는 분은 섭취에 주의
-이상사례 발생 시 섭취를 중단하고 전문가와 상담할 것",1 (g/일),g/일,1 (g/일),"- (국문) 피부보습에 도움을 줄 수 있음
   (영문) May help to maintain skin moisturizing"
배초향 추출물(Agatri)(기능성원료인정제2020-5호),제2020-5호,"-영·유아, 어린이, 임산부 및 수유부는 섭취에 주의
-특정질환(알레르기 체질 등)이 있는 분은 섭취에 주의
-이상사례 발생 시 섭취를 중단하고 전문가와 상담할 것",1 (g/일),g/일,1 (g/일),"- (국문) 자외선에 의한 피부손상으로부터 피부건강을 유지하는데 도움을 줄 수 있음
   (영문) May help to maintain skin health from skin damage by UV radiation"
MS-10 엉겅퀴등복합추출물(기능성원료인정제2020-6호),제2020-6호,"· 임산부 및 수유부는 섭취를 피할 것
· 알레르기를 나타내는 사람은 섭취 시 주의
· 이상사례 발생 시 섭취를 중단하고 전문가와 상담할 것
· 에스트로겐 호르몬에 민감한 사람은 섭취에 주의
· 항우울제 또는 호르몬제를 복용하는 사람은 섭취에 주의",300 (mg/일),mg/일,300 (mg/일),"(국문) 갱년기 여성건강에 도움을 줄 수 있음
(영문) May help to menopausal women`s health"
수국잎열수추출물(기능성원료인정제2020-7호),제2020-7호,"-영·유아, 어린이, 임산부 및 수유부는 섭취에 주의
-특정 질환(알레르기 체질 등)이 있는 분은 섭취에 주의
-이상사례 발생 시 섭취를 중단하고 전문가와 상담할 것",600 (mg/일),mg/일,300 (mg/일),"(국문) 피부보습에 도움을 줄 수 있음
         자외선에 의한 피부손상으로부터 피부건강 유지에 도움을 줄 수 있음
(영문) May help to maintain skin moisturizing
          May help to maintain skin health from skin damage by UV radiation"
수국잎열수추출물(기능성원료인정제2020-8호),제2020-8호,"-영·유아, 어린이, 임산부 및 수유부는 섭취에 주의
-특정 질환(알레르기 체질 등)이 있는 분은 섭취에 주의
-이상사례 발생 시 섭취를 중단하고 전문가와 상담할 것",600 (mg/일),mg/일,300 (mg/일),"(국문) 자외선에 의한 피부손상으로부터 피부건강 유지에 도움을 줄 수 있음
(영문) May help to maintain skin health from skin damage by UV radiation"
풋사과추출물 애플페논(Applephenon)(기능성원료인정제2020-9호),제2020-9호,"-영·유아, 어린이, 임산부 및 수유부는 섭취에 주의
-특정 질환(알레르기 체질 등)이 있는 분은 섭취에 주의
-이상사례 발생 시 섭취를 중단하고 전문가와 상담할 것",600 (mg),mg,600 (mg),"(국문) 체지방 감소에 도움을 줄 수 있음
(영문) May help to reduce body fat"
실크단백질 산가수분해물(Sil-Q1)(기능성원료인정제2021-1호),제2021-1호,"-영·유아, 어린이, 임산부 및 수유부는 섭취에 주의
-특정질환(알레르기 체질 등)이 있는 분은 섭취에 주의
-이상사례 발생 시 섭취를 중단하고 전문가와 상담할 것
-간, 신장 기능 이상자는 섭취에 주의",8 (g/일),g/일,8 (g/일),"- (국문) 면역기능 증진에 도움을 줄 수 있음
   (영문) May help to improve immune function"
복분자 추출물(RE-20)(기능성원료인정제2021-2호),제2021-2호,"-영·유아, 어린이, 임산부 및 수유부는 섭취에 주의
-특정질환(알레르기 체질 등)이 있는 분은 섭취에 주의
-이상사례 발생 시 섭취를 중단하고 전문가와 상담할 것",600 (mg/일),mg/일,600 (mg/일),"(국문) 혈중 콜레스테롤 개선에 도움을 줄 수 있음
(영문) May help to improve blood cholesterol"
